{"cameraMode":{"drawMode":0,"name":"Shaded","section":"Shading Mode"},"sceneLighting":false,"audioPlay":false,"sceneViewState":{"showFog":true,"showMaterialUpdate":false,"showSkybox":false,"showFlares":true,"showImageEffects":true,"showParticleSystems":true},"in2DMode":false,"pivot":{"x":1.4901161193847657e-8,"y":0.19735905528068543,"z":-0.07813924551010132},"rotation":{"x":-0.26210084557533266,"y":-0.5012601613998413,"z":0.16250412166118623,"w":-0.8084762692451477},"size":1.2024410963058472,"orthographic":false}