{"cameraMode":{"drawMode":0,"name":"Shaded","section":"Shading Mode"},"sceneLighting":true,"audioPlay":false,"sceneViewState":{"showFog":true,"showMaterialUpdate":false,"showSkybox":true,"showFlares":true,"showImageEffects":true,"showParticleSystems":true},"in2DMode":false,"pivot":{"x":-0.7417875528335571,"y":0.05431440845131874,"z":0.6814590692520142},"rotation":{"x":-0.2497447431087494,"y":0.08845207095146179,"z":-0.022915620356798173,"w":-0.9639910459518433},"size":5.937483310699463,"orthographic":false}